URL,Name,Latest Price,Change Abs,Change Pct,Last Updated,Error
https://unlistedzone.com/shares/zepto-share-price-buy-sell-unlisted-shares/,Zepto Unlisted Shares (Equity),40,0.00,0.00,2026-06-16 03:20:22,
https://unlistedzone.com/shares/polymatech-unlisted-shares/,Polymatech Unlisted Shares,54,0.00,0.00,2026-06-16 03:20:22,
https://unlistedzone.com/shares/nse-india-limited-unlisted-shares/,NSE India Limited Unlisted Shares,2015,0.00,0.00,2026-06-16 03:20:22,"Page.goto: Timeout 30000ms exceeded.
Call log:
  - navigating to ""https://unlistedzone.com/shares/nse-india-limited-unlisted-shares/"", waiting until ""domcontentloaded""
"
https://unlistedzone.com/shares/oravel-stays-limited-oyo-unlisted-shares/,ORAVEL STAYS LIMITED (Oyo Unlisted Shares),24.5,0.00,0.00,2026-06-16 03:20:22,
https://unlistedzone.com/shares/msei-share-price-buy-sell-unlisted-shares-of-msei-metropolitan-stock-exchange/,Metropolitan Stock Exchange (MSEI) Unlisted Shares,5.85,0.00,0.00,2026-06-16 03:20:22,
https://unlistedzone.com/shares/indian-gas-exchange-share-price-buy-sell-online/,Indian Gas Exchange Limited,405,0.00,0.00,2026-06-16 03:20:22,
https://unlistedzone.com/shares/shriram-life-insurance-co-ltd-unlisted-shares/,Shriram Life Insurance Co. Ltd Unlisted Shares,525,0.00,0.00,2026-06-16 02:44:24,
https://unlistedzone.com/shares/buy-sell-share-price-ncl-alltek-seccolor-limited-unlisted-shares/,NCL Buildtek Limited (Previously NCL Alltek & Seccolor Limited) Unlisted Shares,172,0.00,0.00,2026-06-16 02:44:24,
https://unlistedzone.com/shares/a-one-steel-india-limited/,A One Steel India Limited,234,0.00,0.00,2026-06-16 02:44:24,
https://unlistedzone.com/shares/buy-sell-share-price-a-v-thomas-co-limited-unlisted-shares/,A V Thomas & Co. Limited Unlisted Shares,12500,0.00,0.00,2026-06-16 02:44:24,
https://unlistedzone.com/shares/absolute-projects-india-limited/,Absolute Projects (India) Limited,76,0.00,0.00,2026-06-16 02:44:24,
https://unlistedzone.com/shares/adiance-technologies-unlisted-shares/,ADIANCE TECHNOLOGIES Unlisted Shares,2250,0.00,0.00,2026-06-16 02:44:24,
https://unlistedzone.com/shares/adtech-systems-limited-unlisted-shares/,Adtech Systems Limited Unlisted Shares,65,0.00,0.00,2026-06-16 02:44:24,
https://unlistedzone.com/shares/ambadi-investments-murugappa-share-price-buy-sell-online/,Ambadi Investments Limited (murugappa),0,0.00,0.00,2026-06-16 02:44:24,
https://unlistedzone.com/shares/amol-minechem-unlisted-shares-buy-sell-online/,Amol Minechem Limited,900,0.00,0.00,2026-06-16 02:44:24,
https://unlistedzone.com/shares/amrut-dredging-and-shipping-share-price-buy-sell-online/,Amrut Dredging And Shipping Limited,0,0.00,0.00,2026-06-16 02:44:24,
https://unlistedzone.com/shares/anglo-french-drugs-industries-share-price-buy-sell-online/,Anglo-French Drugs & Industries Ltd Unlisted Shares,0,0.00,0.00,2026-06-16 02:44:24,
https://unlistedzone.com/shares/anheuser-busch-inbev-sabmiller-india-limited-unlisted-shares/,Anheuser Busch Inbev (Sabmiller) India Limited Unlisted Shares,535,0.00,0.00,2026-06-16 02:44:24,
https://unlistedzone.com/shares/anugraha-valve-castings-limited-unlisted-shares/,Anugraha Valve Castings Limited Unlisted Shares,555,0.00,0.00,2026-06-16 02:44:24,
https://unlistedzone.com/shares/apl-metals-unlisted-share-price-buy-sell/,APL Metals Unlisted Shares,11,0.00,0.00,2026-06-16 02:44:24,
https://unlistedzone.com/shares/apollo-fashion-international-unlisted-shares/,Apollo Fashion International Unlisted Shares,44,0.00,0.00,2026-06-16 02:44:24,
https://unlistedzone.com/shares/apollo-green-energy-limited-unlisted-shares/,Apollo Green Energy Limited Unlisted Shares,70,0.00,0.00,2026-06-16 02:44:24,
https://unlistedzone.com/shares/arch-pharmalabs-limited-unlisted-shares/,Arch Pharmalabs Limited Unlisted Shares,85,0.00,0.00,2026-06-16 02:44:24,
https://unlistedzone.com/shares/archit-nuwood-share-price-buy-sell-online/,Archit Nuwood Unlisted Shares,270,0.00,0.00,2026-06-16 02:44:24,
https://unlistedzone.com/shares/arohan-financial-services-unlisted-shares/,Arohan Financial Services Unlisted Shares,235,0.00,0.00,2026-06-16 02:44:24,
https://unlistedzone.com/shares/asian-hotels-west-share-price-buy-sell-online/,Asian Hotels (West) Limited,0,0.00,0.00,2026-06-16 02:44:24,
https://unlistedzone.com/shares/ask-investment-managers-share-price-buy-sell-online/,ASK Investment Managers Limited,875,0.00,0.00,2026-06-16 02:44:24,
https://unlistedzone.com/shares/buy-sell-share-price-assam-carbon-products-limited-unlisted-shares/,Assam Carbon Products Limited Unlisted Shares,425,0.00,0.00,2026-06-16 02:44:24,
https://unlistedzone.com/shares/auckland-jute-unlisted-shares-buy-sell-online/,Auckland Jute Co. Limited Unlisted Shares,189,0.00,0.00,2026-06-16 02:44:24,
https://unlistedzone.com/shares/axles-india-limited-unlisted-shares/,Axles India Limited Unlisted Shares,495,0.00,0.00,2026-06-16 02:44:24,
https://unlistedzone.com/shares/bagrrys-india-limited-unlisted-shares/,Bagrrys India Limited Unlisted Shares,2219,0.00,0.00,2026-06-16 02:44:24,
https://unlistedzone.com/shares/buy-sell-bazar-india-unlisted-shares-share-price/,Bazar India Unlisted Shares,24,0.00,0.00,2026-06-16 02:44:24,
https://unlistedzone.com/shares/berar-finance-limited/,Berar Finance Limited,435,0.00,0.00,2026-06-16 02:44:24,
https://unlistedzone.com/shares/bharat-hotels-limited-share-price-buy-sell-unlisted-shares-of-bharat-hotels/,Bharat Hotels Unlisted Shares,355,0.00,0.00,2026-06-16 02:44:24,
https://unlistedzone.com/shares/buy-sell-share-price-bharat-nidhi-bharat-bank-unlisted-shares/,Bharat Nidhi (Bharat Bank) Unlisted Shares,10800,0.00,0.00,2026-06-16 02:44:24,
https://unlistedzone.com/shares/big-basket-share-price-buy-sell-online/,Big Basket Unlisted Shares,1950,0.00,0.00,2026-06-16 02:44:24,
https://unlistedzone.com/shares/bira-share-price-buy-sell-unlisted-shares/,Bira Unlisted Shares,60,0.00,0.00,2026-06-16 02:44:24,
https://unlistedzone.com/shares/blsx-shares-price-buy-sell-online/,BLSX Limited,26,0.00,0.00,2026-06-16 02:44:24,
https://unlistedzone.com/shares/boat-unlisted-share-imagine-marketing/,Boat Unlisted Share (Imagine Marketing),895,0.00,0.00,2026-06-16 02:44:24,
https://unlistedzone.com/shares/bolzen-and-mutter-share-price-buy-sell-online/,Bolzen and Mutter Unlisted Share,395,0.00,0.00,2026-06-16 02:44:24,
https://unlistedzone.com/shares/bombay-gas-company-limited-unlisted-shares/,Bombay Gas Company Limited Unlisted Shares,125,0.00,0.00,2026-06-16 02:44:24,
https://unlistedzone.com/shares/bombay-swadeshi-stores-limited-unlisted-shares/,Bombay Swadeshi Stores Limited Unlisted Shares,470,0.00,0.00,2026-06-16 02:44:24,
https://unlistedzone.com/shares/bootes-impex-tech-share-price-buy-sell-online/,Bootes Impex Tech Ltd.,785,0.00,0.00,2026-06-16 02:44:24,
https://unlistedzone.com/shares/bvg-india-limited-unlisted-share/,BVG India Limited Unlisted Share,495,0.00,0.00,2026-06-16 02:44:24,
https://unlistedzone.com/shares/cs-electric-limited-unlisted-shares/,C&S Electric Limited Unlisted Shares,1950,0.00,0.00,2026-06-16 02:44:24,
https://unlistedzone.com/shares/calcutta-stock-exchange-share-price-buy-sell-online/,Calcutta Stock Exchange Unlisted Shares,919,0.00,0.00,2026-06-16 02:44:24,
https://unlistedzone.com/shares/camac-commercial-company-limited-unlisted-shares/,Camac Commercial Company Limited Unlisted Shares,35000,0.00,0.00,2026-06-16 02:44:24,
https://unlistedzone.com/shares/capgemini-technology-services-india-limited-unlisted-shares/,Capgemini Technology Services India Limited Unlisted Shares,10950,0.00,0.00,2026-06-16 02:44:24,
https://unlistedzone.com/shares/care-health-previously-religare-health-insurance-company-limited-unlisted-shares-buy-sell-share-price/,Care Health (Previously Religare Health) Insurance Company Limited Unlisted Shares,144,0.00,0.00,2026-06-16 02:44:24,
https://unlistedzone.com/shares/buy-sell-share-price-carrier-airconditioning-refrigeration-unlisted-shares/,Carrier Airconditioning & Refrigeration Limited Unlisted Shares,515,0.00,0.00,2026-06-16 02:44:24,
https://unlistedzone.com/shares/cheelizza-pizza-share-price-by-sell-online/,Cheelizza Pizza Unlisted Shares,18,0.00,0.00,2026-06-16 02:44:24,
https://unlistedzone.com/shares/claps-oiltech-unlisted-share/,Claps Oiltech Unlisted Share,46,0.00,0.00,2026-06-16 02:44:24,
https://unlistedzone.com/shares/buy-sell-cochin-international-airport-shares-for-sale-share-price-shareholders/,Cochin International Airport Limited Unlisted Shares,438,0.00,0.00,2026-06-16 02:44:24,
https://unlistedzone.com/shares/core-energy-systems-share-price-buy-sell-online/,Core Energy Systems Limited,17400,0.00,0.00,2026-06-16 02:44:24,
https://unlistedzone.com/shares/cremica-food-industries-share-price-buy-sell-online/,Cremica Food Industries Limited,0,0.00,0.00,2026-06-16 02:44:24,
https://unlistedzone.com/shares/csk-share-price-buy-sell-unlisted-shares/,CSK Unlisted Shares,260,0.00,0.00,2026-06-16 02:44:24,
https://unlistedzone.com/shares/ctr-manufacturing-industries-limited-unlisted-shares/,CTR Manufacturing Industries Limited Unlisted Share,16198,0.00,0.00,2026-06-16 02:44:24,
https://unlistedzone.com/shares/dalmia-bharat-refractory-unlisted-shares-price/,Dalmia Bharat Refractories Limited Unlisted Shares,215,0.00,0.00,2026-06-16 02:44:24,
https://unlistedzone.com/shares/dantech-digital-dental-solutions-private-limited/,DANTECH DIGITAL DENTAL SOLUTIONS PRIVATE LIMITED,450,0.00,0.00,2026-06-16 02:44:24,
https://unlistedzone.com/shares/delta-galaxy-unlisted-shares/,Delta Galaxy Unlisted Shares,42,0.00,0.00,2026-06-16 02:44:24,
https://unlistedzone.com/shares/deys-medical-stores-mfg-limited-unlisted-shares/,Deys Medical Stores (Mfg) Limited Unlisted Shares,539,0.00,0.00,2026-06-16 02:44:24,
https://unlistedzone.com/shares/buy-sell-share-price-digvijay-finlease-unlisted-shares/,Digvijay Finlease Unlisted Shares,1675,0.00,0.00,2026-06-16 02:44:24,
https://unlistedzone.com/shares/down-town-hospital-limited-unlisted-shares/,Down Town Hospital Limited Unlisted Shares,375,0.00,0.00,2026-06-16 02:44:24,
https://unlistedzone.com/shares/e-trav-tech-share-price-buy-sell-online/,E Trav Tech Limited,100,0.00,0.00,2026-06-16 02:44:24,
https://unlistedzone.com/shares/eaaa-india-alternatives-share-price-buy-sell-online/,EAAA India Alternatives Limited,0,0.00,0.00,2026-06-16 02:44:24,
https://unlistedzone.com/shares/east-india-pharmaceutical-works-limited/,East India Pharmaceutical Works Limited,79,0.00,0.00,2026-06-16 02:44:24,
https://unlistedzone.com/shares/eaton-fluid-power-limited-unlisted-shares/,Eaton Fluid Power Limited Unlisted Shares,550,0.00,0.00,2026-06-16 02:44:24,
https://unlistedzone.com/shares/ecosure-share-price-buy-sell-online/,Ecosure Unlisted Shares,30,0.00,0.00,2026-06-16 02:44:24,
https://unlistedzone.com/shares/eiffil-water-infra-share-price-buy-sell-online/,Eiffil Water Infra Private Limited,0,0.00,0.00,2026-06-16 02:44:24,
https://unlistedzone.com/shares/ekkaa-electronics-india-share-price-buy-sell-online/,Ekkaa Electronics (India) Pvt. Ltd.,0,0.00,0.00,2026-06-16 02:44:24,
https://unlistedzone.com/shares/buy-sell-share-price-electrosteel-steels-limited-unlisted-shares/,Electrosteel Steels Limited Unlisted Shares,40,0.00,0.00,2026-06-16 02:44:24,
https://unlistedzone.com/shares/elofic-industries-limited-share-price-buy-sell-unlisted-shares-of-elofic-industries-limited/,Elofic Industries Limited Unlisted Shares,3250,0.00,0.00,2026-06-16 02:44:24,
https://unlistedzone.com/shares/empire-spices-and-foods-limited-unlisted-shares/,Empire Spices and Foods Limited Unlisted Shares,575,0.00,0.00,2026-06-16 02:44:24,
https://unlistedzone.com/shares/buy-sell-latest-price-esds-unlisted-shares-preipo/,ESDS Unlisted Shares,515,0.00,0.00,2026-06-16 02:44:24,
https://unlistedzone.com/shares/buy-sell-share-price-fincare-business-services-unlisted-shares/,Fincare Business Finance Unlisted Shares,114,0.00,0.00,2026-06-16 02:44:24,
https://unlistedzone.com/shares/buy-sell-latest-price-fincare-small-finance-bank-unlisted-shares/,Fincare Small Finance Bank Unlisted Shares,260,0.00,0.00,2026-06-16 02:44:24,
https://unlistedzone.com/shares/buy-sell-share-price-fino-paytech-limited-unlisted-shares/,Fino Paytech Limited Unlisted Shares,110,0.00,0.00,2026-06-16 02:44:24,
https://unlistedzone.com/shares/fns-international-share-price-buy-sell-online/,FNS International Limited,50,0.00,0.00,2026-06-16 02:44:24,
https://unlistedzone.com/shares/buy-sell-share-price-frick-india-limited-unlisted-shares/,Frick India Limited Unlisted Shares,1695,0.00,0.00,2026-06-16 02:44:24,
https://unlistedzone.com/shares/fusion-techstack-limited-formerly-known-as-icex-share-price-buy-sell-online/,Fusion Techstack Limited (Formerly known as Indian Commodity Exchange Limited),2.6,0.00,0.00,2026-06-16 02:44:24,
https://unlistedzone.com/shares/gamma-rotors-share-price-buy-sell-online/,Gamma Rotors Limited,108,0.00,0.00,2026-06-16 02:44:24,
https://unlistedzone.com/shares/garuda-aerospace-share-price-buy-sell-online/,Garuda Aerospace Limited,434,0.00,0.00,2026-06-16 02:44:24,
https://unlistedzone.com/shares/gfcl-ev-products-share-price-buy-sell-online/,GFCL EV Products Limited,40,0.00,0.00,2026-06-16 02:44:24,
https://unlistedzone.com/shares/gg-automotive-gears-limited-unlisted-shares/,GG Automotive Gears Limited Unlisted Shares,42,0.00,0.00,2026-06-16 02:44:24,
https://unlistedzone.com/shares/gh2-solar-share-price-buy-sell-online/,GH2 Solar Limited,235,0.00,0.00,2026-06-16 02:44:24,
https://unlistedzone.com/shares/gkn-driveline-india-limited-unlisted-shares/,GKN Driveline India Limited Unlisted Shares,1725,0.00,0.00,2026-06-16 02:44:24,
https://unlistedzone.com/shares/goa-shipyard-limited-unlisted-shares/,Goa Shipyard Limited Unlisted Shares,2750,0.00,0.00,2026-06-16 02:44:24,
https://unlistedzone.com/shares/goodluck-defence-and-aerospace-unlisted-share-price/,Goodluck Defence And Aerospace Unlisted Shares,364,0.00,0.00,2026-06-16 02:44:24,
https://unlistedzone.com/shares/goodluck-green-energy-share-price-buy-sell-online/,Goodluck Green Energy Limited,112,0.00,0.00,2026-06-16 02:44:24,
https://unlistedzone.com/shares/graand-prix-luxury-elevators-limited-unlisted-shares/,Graand Prix Luxury Elevators Limited Unlisted Shares,46,0.00,0.00,2026-06-16 02:44:24,
https://unlistedzone.com/shares/greenzo-energy-india-limited-unlisted-shares/,Greenzo Energy India Limited Unlisted Shares,578,0.00,0.00,2026-06-16 02:44:24,
https://unlistedzone.com/shares/gujarat-nre-coke-limited-unlisted-shares/,Gujarat NRE Coke Limited Unlisted Shares,0.5029,0.00,0.00,2026-06-16 02:44:24,
https://unlistedzone.com/shares/gynofem-healthcare-unlisted-shares-price/,Gynofem Healthcare Unlisted Shares Price,64,0.00,0.00,2026-06-16 02:44:24,
https://unlistedzone.com/shares/hcin-networks-private-limited/,HCIN Networks Private Limited,175,0.00,0.00,2026-06-16 02:44:24,
https://unlistedzone.com/shares/hdfc-ergo-general-insurance-limited-unlisted-shares/,HDFC Ergo General Insurance Limited Unlisted Shares,0,0.00,0.00,2026-06-16 02:44:24,
https://unlistedzone.com/shares/hdfc-securities-limited-share-price-buy-sell-hdfc-securities-unlisted-shares/,HDFC Securities Limited Unlisted Shares,8550,0.00,0.00,2026-06-16 02:44:24,
https://unlistedzone.com/shares/hella-india-lighting-share-price-buy-sell/,Hella India Lighting Unlisted Shares,925,0.00,0.00,2026-06-16 02:44:24,
https://unlistedzone.com/shares/hella-infra-market-share-price-buy-sell-online/,Hella Infra Market Private Limited,95000,0.00,0.00,2026-06-16 02:44:24,
https://unlistedzone.com/shares/hero-fincorp-limited-share-price-buy-sell-unlisted-shares-of-hero-fincorp/,Hero Fincorp Limited Unlisted Shares,995,0.00,0.00,2026-06-16 02:44:24,
https://unlistedzone.com/shares/hero-motors-share-price-buy-sell-online/,Hero motors Limited,325,0.00,0.00,2026-06-16 02:44:24,
https://unlistedzone.com/shares/hicks-thermometers-india-limited-unlisted-shares/,Hicks Thermometers India Limited Unlisted Shares,1650,0.00,0.00,2026-06-16 02:44:24,
https://unlistedzone.com/shares/himalayan-heli-services/,Himalayan Heli Services,184,0.00,0.00,2026-06-16 02:44:24,
https://unlistedzone.com/shares/hindon-mercantile-share-price-buy-sell-online/,Hindon Mercantile Limited,725,0.00,0.00,2026-06-16 02:44:24,
https://unlistedzone.com/shares/hinduja-leyland-finance-share-price-buy-sell-online/,Hinduja Leyland Finance Limited,238,0.00,0.00,2026-06-16 02:44:24,
https://unlistedzone.com/shares/hindustan-power-exchange-hpx-india-share-price-buy-sell-online/,Hindustan Power Exchange Limited (HPX India),27,0.00,0.00,2026-06-16 02:44:24,
https://unlistedzone.com/shares/buy-sell-share-price-hindustan-times-limited-unlisted-shares/,Hindustan Times Unlisted Shares,950,0.00,0.00,2026-06-16 02:44:24,
https://unlistedzone.com/shares/hindusthan-engineering-industries-limited-unlisted-shares/,Hindusthan Engineering & Industries Limited Unlisted Shares,1050,0.00,0.00,2026-06-16 02:44:24,
https://unlistedzone.com/shares/hira-ferro-alloys-unlisted-shares/,Hira Ferro Alloys Unlisted Shares,0,0.00,0.00,2026-06-16 02:44:24,
https://unlistedzone.com/shares/hive-hostels-share-price-buy-sell-online/,Hive Hostels,2400,0.00,0.00,2026-06-16 02:44:24,
https://unlistedzone.com/shares/honeywell-electrical-devices-and-systems-india-unlisted-shares/,Honeywell Electrical Devices and Systems India Unlisted Shares,8500,0.00,0.00,2026-06-16 02:44:24,
https://unlistedzone.com/shares/house-of-kieraya-furlenco-share-price-buy-sell-online/,House of Kieraya Limited (Furlenco),260,0.00,0.00,2026-06-16 02:44:24,
https://unlistedzone.com/shares/buy-sell-share-price-hutti-gold-mines-company-limited-unlisted-shares/,Hutti Gold Mines Company Limited Unlisted Shares,119838,0.00,0.00,2026-06-16 02:44:24,
https://unlistedzone.com/shares/hvr-solar-share-price-buy-sell-online/,HVR Solar Private Limited,268,0.00,0.00,2026-06-16 02:44:24,
https://unlistedzone.com/shares/ic-electricals-company-share-price-buy-sell-online/,IC Electricals Company Limited,0,0.00,0.00,2026-06-16 02:44:24,
https://unlistedzone.com/shares/icl-fincorp-limited-unlisted-shares/,ICL Fincorp Limited Unlisted Shares,30,0.00,0.00,2026-06-16 02:44:24,
https://unlistedzone.com/shares/igrel-renewables-limited/,IGREL Renewables Limited,0,0.00,0.00,2026-06-16 02:44:24,
https://unlistedzone.com/shares/ikf-finance-share-price-buy-sell-online/,IKF Finance Limited Unlisted Shares,214,0.00,0.00,2026-06-16 02:44:24,
https://unlistedzone.com/shares/imperative-ventures-share-price-buy-sell-online/,Imperative Business Ventures Limited,140,0.00,0.00,2026-06-16 02:44:24,
https://unlistedzone.com/shares/incred-holdings-limited-unlisted-shares/,Incred Holdings Limited Unlisted Shares,149,0.00,0.00,2026-06-16 02:44:24,
https://unlistedzone.com/shares/india-carbon-limited-share-price-buy-sell-unlisted-shares-of-india-carbon/,India Carbon Limited Unlisted Shares,895,0.00,0.00,2026-06-16 02:44:24,
https://unlistedzone.com/shares/india-exposition-mart-ltd-unlisted-share/,India Exposition Mart Ltd Unlisted Share,136,0.00,0.00,2026-06-16 02:44:24,
https://unlistedzone.com/shares/indian-potash-limited-unlisted-share-buy-sell-share-price/,Indian Potash Limited Unlisted Share,2750,0.00,0.00,2026-06-16 02:44:24,
https://unlistedzone.com/shares/share-price-indofil-industries-limited-buy-sell-unlisted-shares/,Indofil Industries Limited Unlisted Shares,1450,0.00,0.00,2026-06-16 02:44:24,
https://unlistedzone.com/shares/buy-sell-share-price-inkel-limited-unlisted-shares/,Inkel Limited Unlisted Shares,22,0.00,0.00,2026-06-16 02:44:24,
https://unlistedzone.com/shares/innov8-workspaces-india-share-price-buy-sell-online/,Innov8 Workspaces India Limited,58,0.00,0.00,2026-06-16 02:44:24,
https://unlistedzone.com/shares/inox-clean-energy-limited/,Inox Clean Energy Limited,695,0.00,0.00,2026-06-16 02:44:24,
https://unlistedzone.com/shares/inox-leasing-and-finance-limited-unlisted-shares/,Inox Leasing and Finance Limited Unlisted Shares,16800,0.00,0.00,2026-06-16 02:44:24,
https://unlistedzone.com/shares/inox-renewable-solutions-share-price-buy-sell-online/,Inox Renewable Solutions Limited,575,0.00,0.00,2026-06-16 02:44:24,
https://unlistedzone.com/shares/insolare-energy-share-price-buy-sell-online/,Insolare Energy Unlisted Shares,172,0.00,0.00,2026-06-16 02:44:24,
https://unlistedzone.com/shares/interno-fusion-unlisted-share/,Interno Fusion Unlisted Share,88,0.00,0.00,2026-06-16 02:44:24,
https://unlistedzone.com/shares/jai-mata-engineering-share-price-buy-sell-online/,Jai Mata Engineering Limited,218,0.00,0.00,2026-06-16 02:44:24,
https://unlistedzone.com/shares/jasmino-corporation-share-price-buy-sell-online/,Jasmino Corporation Limited,425,0.00,0.00,2026-06-16 02:44:24,
https://unlistedzone.com/shares/jsr-dynamics-share-price-buy-sell-online/,JSR Dynamics Private Limited,9750,0.00,0.00,2026-06-16 02:44:24,
https://unlistedzone.com/shares/jupiter-international-share-price-buy-sell-online/,Jupiter International Limited,228,0.00,0.00,2026-06-16 02:44:24,
https://unlistedzone.com/shares/kanara-consumer-products-formerly-known-as-kurl-on-limited-unlisted-shares/,Kanara Consumer Products ( Formerly Known As Kurl-on Limited) Unlisted Shares,875,0.00,0.00,2026-06-16 02:44:24,
https://unlistedzone.com/shares/kannur-international-airport-limited-unlisted-shares/,Kannur International Airport Limited Unlisted Shares,126,0.00,0.00,2026-06-16 02:44:24,
https://unlistedzone.com/shares/karigari-ventures-share-price-buy-sell-online/,Karigari Ventures Limited,0,0.00,0.00,2026-06-16 02:44:24,
https://unlistedzone.com/shares/kevadiya-constructure-share-price-buy-sell-online/,Kevadiya Constructure Limited (KCL),0,0.00,0.00,2026-06-16 02:44:24,
https://unlistedzone.com/shares/kineco-limited-unlisted-share/,Kineco Limited Unlisted Share,3175,0.00,0.00,2026-06-16 02:44:24,
https://unlistedzone.com/shares/klm-axiva-finvest-unlisted-shares-price/,KLM Axiva Finvest Unlisted Shares Price,18,0.00,0.00,2026-06-16 02:44:24,
https://unlistedzone.com/shares/buy-sell-share-price-kurlon-enterprise-limited-unlisted-shares/,KURLON Enterprise Limited Unlisted Shares,450,0.00,0.00,2026-06-16 02:44:24,
https://unlistedzone.com/shares/lakeshore-hospital-unlisted-share-price/,Lakeshore Hospital Unlisted Share Price,105,0.00,0.00,2026-06-16 02:44:24,
https://unlistedzone.com/shares/lava-international-limited-share-price-buy-sell-unlisted-shares-of-lava-international/,LAVA International Limited Unlisted Shares,56,0.00,0.00,2026-06-16 02:44:24,
https://unlistedzone.com/shares/livespace-interiors-pvt-ltd/,Livespace Interiors Pvt Ltd,300,0.00,0.00,2026-06-16 02:44:24,
https://unlistedzone.com/shares/lords-mark-industries-share-price-buy-sell-online/,Lords Mark Industries Limited,74,0.00,0.00,2026-06-16 02:44:24,
https://unlistedzone.com/shares/machint-solutions-limited/,Machint Solutions Limited,74,0.00,0.00,2026-06-16 02:44:24,
https://unlistedzone.com/shares/madbow-ventures-unlisted-shares/,Madbow Ventures Unlisted Shares,35,0.00,0.00,2026-06-16 02:44:24,
https://unlistedzone.com/shares/madhur-iron-and-steel-shares-price-buy-sell-online/,Madhur Iron and Steel (India),118,0.00,0.00,2026-06-16 02:44:24,
https://unlistedzone.com/shares/buy-sell-maharaja-shree-umaid-mills-unlisted-shares-share-price/,Maharaja Shree Umaid Mills Unlisted Shares,135,0.00,0.00,2026-06-16 02:44:24,
https://unlistedzone.com/shares/buy-sell-share-price-maharashtra-knowledge-corporation-mkcl-limited-unlisted-shares/,Maharashtra Knowledge Corporation (MKCL) Limited Unlisted Shares,435,0.00,0.00,2026-06-16 02:44:24,
https://unlistedzone.com/shares/manipal-payment-identity-solutions-share-price-buy-sell-online/,Manipal Payment & Identity Solutions Ltd (Manipal Cards),385,0.00,0.00,2026-06-16 02:44:24,
https://unlistedzone.com/shares/buy-sell-share-price-manjushree-technopack-india-limited-unlisted-shares/,Manjushree Technopack India Limited Unlisted Shares,975,0.00,0.00,2026-06-16 02:44:24,
https://unlistedzone.com/shares/buy-sell-market-simplified-unlisted-shares/,Market Simplified Unlisted Shares Price,26,0.00,0.00,2026-06-16 02:44:24,
https://unlistedzone.com/shares/martin-and-harris-laboratories-limited-unlisted-shares/,Martin and Harris Laboratories Limited Unlisted Shares,895,0.00,0.00,2026-06-16 02:44:24,
https://unlistedzone.com/shares/matrix-gas-and-renewables-unlisted-shares/,Matrix Gas And Renewables Unlisted Shares,9.25,0.00,0.00,2026-06-16 02:44:24,
https://unlistedzone.com/shares/maverick-simulation-solutions-share-price-buy-sell-online/,Maverick Simulation Solutions Limited,2350,0.00,0.00,2026-06-16 02:44:24,
https://unlistedzone.com/shares/buy-sell-latest-price-maxvalue-credits-and-investments-unlisted-shares/,Maxvalue Credits and Investments Unlisted Shares,5.5,0.00,0.00,2026-06-16 02:44:24,
https://unlistedzone.com/shares/merino-industries-limited-unlisted-shares/,Merino Industries Limited Unlisted Shares,2575,0.00,0.00,2026-06-16 02:44:24,
https://unlistedzone.com/shares/midland-microfin-limited-unlisted-shares/,Midland Micro Finance Limited Unlisted Shares,195,0.00,0.00,2026-06-16 02:44:24,
https://unlistedzone.com/shares/mil-industries-limited-unlisted-shares/,MIL Industries Limited Unlisted Shares,279,0.00,0.00,2026-06-16 02:44:24,
https://unlistedzone.com/shares/milton-cycle-industries-limited-unlisted-shares/,Milton Cycle Industries Limited Unlisted Shares,195,0.00,0.00,2026-06-16 02:44:24,
https://unlistedzone.com/shares/minosha-india-limited-unlisted-shares/,Minosha India Limited Unlisted Shares,350,0.00,0.00,2026-06-16 02:44:24,
https://unlistedzone.com/shares/mohan-meakin-limited-share-price-buy-sell-mohan-meakin-unlisted-shares/,Mohan Meakin Limited Unlisted Shares,2495,0.00,0.00,2026-06-16 02:44:24,
https://unlistedzone.com/shares/mohindra-fasteners-limited-unlisted-shares/,Mohindra Fasteners Limited Unlisted Shares,295,0.00,0.00,2026-06-16 02:44:24,
https://unlistedzone.com/shares/buy-sell-share-price-aspire-home-finance-corporation-unlisted-shares/,Motilal Oswal Home Finance Limited Unlisted Shares,11.95,0.00,0.00,2026-06-16 02:44:24,
https://unlistedzone.com/shares/national-commodity-derivatives-exchange-ncdex-limited-unlisted-shares/,National Commodity & Derivatives Exchange (NCDEX) Limited Unlisted Shares,358,0.00,0.00,2026-06-16 02:44:24,
https://unlistedzone.com/shares/national-e-repository-share-price-buy-sell-online/,National E-Repository Limited (NeRL),51,0.00,0.00,2026-06-16 02:44:24,
https://unlistedzone.com/shares/buy-sell-share-price-essar-oil-limited-unlisted-shares/,Nayara Energy (Formerly Essar Oil) Limited Unlisted Shares,1075,0.00,0.00,2026-06-16 02:44:24,
https://unlistedzone.com/shares/ncl-holdings-unlisted-share/,NCL Holdings Unlisted Shares,108,0.00,0.00,2026-06-16 02:44:24,
https://unlistedzone.com/shares/nidec-india-precision-tools-ltdformerly-mitsubishi-heavy-industries-unlisted-shares/,Nidec India Precision Tools Ltd.(Formerly Mitsubishi Heavy Industries) Unlisted Shares,0,0.00,0.00,2026-06-16 02:44:24,
https://unlistedzone.com/shares/nilliampathy-tea-produce-company-limites-unlisted-shares/,Nilliampathy Tea & Produce Company Limites Unlisted Shares,549,0.00,0.00,2026-06-16 02:44:24,
https://unlistedzone.com/shares/nnt-developers-share-price-buy-sell-online/,NNT Developers Limited,87,0.00,0.00,2026-06-16 02:44:24,
https://unlistedzone.com/shares/ofbusiness-tech-share-price-buy-sell-online/,OfBusiness (OFB) Tech Private Limited,410,0.00,0.00,2026-06-16 02:44:24,
https://unlistedzone.com/shares/onix-renewable-unlisted-shares-buy-sell-online/,Onix Renewable Limited,56,0.00,0.00,2026-06-16 02:44:24,
https://unlistedzone.com/shares/orbis-financial-corporation-unlisted-shares/,ORBIS FINANCIAL CORPORATION Unlisted Shares,394,0.00,0.00,2026-06-16 02:44:24,
https://unlistedzone.com/shares/buy-sell-share-price-otis-elevator-india-limited-unlisted-shares/,Otis Elevator (India) Limited Unlisted Shares,3850,0.00,0.00,2026-06-16 02:44:24,
https://unlistedzone.com/shares/parag-parikh-financial-advisory-services-share-price-buy-sell-online/,Parag Parikh Financial Advisory Services Ltd. (PPFAS),17950,0.00,0.00,2026-06-16 02:44:24,
https://unlistedzone.com/shares/parry-agro-industries-limited-unlisted-shares/,Parry Agro Industries Limited Unlisted Shares,1200,0.00,0.00,2026-06-16 02:44:24,
https://unlistedzone.com/shares/pashupati-polytex-share-price-buy-sell-online/,Pashupati Polytex Private Limited,280,0.00,0.00,2026-06-16 02:44:24,
https://unlistedzone.com/shares/paymate-india-unlisted-shares-price/,Paymate India Limited,475,0.00,0.00,2026-06-16 02:44:24,
https://unlistedzone.com/shares/pharmeasy-share-price-buy-sell-online/,PharmEasy Unlisted Shares,5.6,0.00,0.00,2026-06-16 02:44:24,
https://unlistedzone.com/shares/buy-sell-share-price-philips-domestic-appliances-india-unlisted-shares/,Philips Domestic Appliances India Unlisted Shares,750,0.00,0.00,2026-06-16 02:44:24,
https://unlistedzone.com/shares/buy-sell-share-price-philips-india-limited-unlisted-shares/,Philips India Limited Unlisted Shares,1050,0.00,0.00,2026-06-16 02:44:24,
https://unlistedzone.com/shares/phonepe-limited-share-price-buy-sell-online/,PhonePe Limited,0,0.00,0.00,2026-06-16 02:44:24,
https://unlistedzone.com/shares/pnb-finance-industries-share-price-buy-sell-online/,PNB Finance & Industries Limited Unlisted Shares,8800,0.00,0.00,2026-06-16 02:44:24,
https://unlistedzone.com/shares/pnb-metlife-insurance-unlisted-shares/,PNB MetLife Insurance Unlisted Shares,100,0.00,0.00,2026-06-16 02:44:24,
https://unlistedzone.com/shares/power-exchange-india-pxil-share-price-buy-sell-online/,Power Exchange India Limited (PXIL),535,0.00,0.00,2026-06-16 02:44:24,
https://unlistedzone.com/shares/premier-cryogenics-limited-unlisted-shares/,Premier Cryogenics Limited Unlisted Shares,323,0.00,0.00,2026-06-16 02:44:24,
https://unlistedzone.com/shares/quality-enviro-engineers-private-limited/,Quality Enviro Engineers Private Limited,1200,0.00,0.00,2026-06-16 02:44:24,
https://unlistedzone.com/shares/raft-motors-share-price-buy-sell-online/,Raft Motors Limited,0,0.00,0.00,2026-06-16 02:44:24,
https://unlistedzone.com/shares/buy-sell-share-price-ramaraju-surgical-cotton-mills-limited-unlisted-shares/,Ramaraju Surgical Cotton Mills Limited Unlisted Shares,275,0.00,0.00,2026-06-16 02:44:24,
https://unlistedzone.com/shares/rathi-industries-limited/,Rathi Industries Limited,0,0.00,0.00,2026-06-16 02:44:24,
https://unlistedzone.com/shares/raviraj-process-control-share-price-buy-sell-online/,Raviraj Process Control Ltd,72,0.00,0.00,2026-06-16 02:44:24,
https://unlistedzone.com/shares/razorpay-software-share-price-buy-sell-online/,Razorpay Software Limited,0,0.00,0.00,2026-06-16 02:44:24,
https://unlistedzone.com/shares/rdc-concrete-share-price-buy-sell-online/,RDC Concrete (India) Limited,183,0.00,0.00,2026-06-16 02:44:24,
https://unlistedzone.com/shares/reliance-general-insurance-unlisted-shares-buy-sell-online/,Reliance General Insurance,575,0.00,0.00,2026-06-16 02:44:24,
https://unlistedzone.com/shares/renfra-energy-india-share-price-buy-sell-online/,Renfra Energy India Private Limited,98,0.00,0.00,2026-06-16 02:44:24,
https://unlistedzone.com/shares/buy-sell-share-price-resin-plastic-limited-unlisted-shares/,Resin & Plastic Limited Unlisted Shares,495,0.00,0.00,2026-06-16 02:44:24,
https://unlistedzone.com/shares/ring-plus-aqua-limited-unlisted-shares/,Ring Plus Aqua Limited Unlisted Shares,695,0.00,0.00,2026-06-16 02:44:24,
https://unlistedzone.com/shares/ripple-infra-systems-pvt-ltd/,Ripple Infra Systems Pvt Ltd.,0,0.00,0.00,2026-06-16 02:44:24,
https://unlistedzone.com/shares/rkb-global-limited/,RKB Global Limited,115,0.00,0.00,2026-06-16 02:44:24,
https://unlistedzone.com/shares/roop-telsonic-ultrasonix-limited-unlisted-shares/,Roop Telsonic Ultrasonix Limited Unlisted Shares,188,0.00,0.00,2026-06-16 02:44:24,
https://unlistedzone.com/shares/roots-multiclean-limited-unlisted-share/,Roots Multiclean Limited Unlisted Share,4000,0.00,0.00,2026-06-16 02:44:24,
https://unlistedzone.com/shares/royal-care-hospitals-unlisted-shares-buy-sell-online/,Royalcare Super Speciality Hospitals,160,0.00,0.00,2026-06-16 02:44:24,
https://unlistedzone.com/shares/rrp-electronics-share-price-buy-sell-online/,RRP Electronics Limited,184,0.00,0.00,2026-06-16 02:44:24,
https://unlistedzone.com/shares/rrp-s4e-innovation-unlisted-shares-price/,RRP S4E innovation Unlisted Shares Price,144,0.00,0.00,2026-06-16 02:44:24,
https://unlistedzone.com/shares/rydak-syndicate-limited-unlisted-shares/,Rydak Syndicate Limited Unlisted Shares,575,0.00,0.00,2026-06-16 02:44:24,
https://unlistedzone.com/shares/s3v-vascular-technologies-share-price-buy-sell-online/,S3V Vascular Technologies Limited,550,0.00,0.00,2026-06-16 02:44:24,
https://unlistedzone.com/shares/buy-sell-share-price-san-engineering-and-locomotive-company-unlisted-shares/,San Engineering and Locomotive Company Limited Unlisted Shares,850,0.00,0.00,2026-06-16 02:44:24,
https://unlistedzone.com/shares/sbi-general-insurance-unlisted-shares/,SBI General Insurance Unlisted Shares,1150,0.00,0.00,2026-06-16 02:44:24,
https://unlistedzone.com/shares/sbi-mutual-fund-unlisted-shares/,SBI Mutual Fund Unlisted Shares,815,0.00,0.00,2026-06-16 02:44:24,
https://unlistedzone.com/shares/segmental-infrastructure-development-share-price-buy-sell-online/,Segmental Infrastructure Development Limited,107.63,0.00,0.00,2026-06-16 02:44:24,
https://unlistedzone.com/shares/shiprocket-ltd-share-price-buy-sell-online/,Shiprocket Limited,163,0.00,0.00,2026-06-16 02:44:24,
https://unlistedzone.com/shares/shivchem-agro-share-price-buy-sell-online/,Shivchem Agro Limited,76,0.00,0.00,2026-06-16 02:44:24,
https://unlistedzone.com/shares/sicom-india-limited-unlisted-shares/,SICOM India Limited Unlisted Shares,85,0.00,0.00,2026-06-16 02:44:24,
https://unlistedzone.com/shares/sigachi-laboratories-limited-unlisted-shares/,Sigachi Laboratories Limited Unlisted Shares,52,0.00,0.00,2026-06-16 02:44:24,
https://unlistedzone.com/shares/signify-innovations-previously-phillips-lighting-india-unlisted-shares/,Signify Innovations (Previously Phillips Lighting) India Limited Unlisted Shares,1075,0.00,0.00,2026-06-16 02:44:24,
https://unlistedzone.com/shares/sk-finance-share-price-buy-sell-online/,SK Finance Limited,885,0.00,0.00,2026-06-16 02:44:24,
https://unlistedzone.com/shares/skyways-air-services-limited/,Skyways Air Services Limited,152,0.00,0.00,2026-06-16 02:44:24,
https://unlistedzone.com/shares/smile-microfinance-share-price-buy-sell-online/,SMILE Microfinance Unlisted Shares,82,0.00,0.00,2026-06-16 02:44:24,
https://unlistedzone.com/shares/solar-91-cleantech-share-price-buy-sell-online/,Solar 91 Cleantech Limited,475,0.00,0.00,2026-06-16 02:44:24,
https://unlistedzone.com/shares/soleos-energy-share-price-buy-sell-online/,Soleos Energy Private Limited,0,0.00,0.00,2026-06-16 02:44:24,
https://unlistedzone.com/shares/spencer-and-company-limited-unlisted-shares/,Spencer and Company Limited Unlisted Shares,1079,0.00,0.00,2026-06-16 02:44:24,
https://unlistedzone.com/shares/spray-engineering-devices-unlisted-shares/,Spray Engineering Devices Unlisted Shares,148,0.00,0.00,2026-06-16 02:44:24,
https://unlistedzone.com/shares/sri-vishnu-shankar-mill-limited-unlisted-shares/,Sri Vishnu Shankar Mill Limited Unlisted Shares,425,0.00,0.00,2026-06-16 02:44:24,
https://unlistedzone.com/shares/srichakra-cement-limited-unlisted-shares/,Srichakra Cement Limited Unlisted Shares,69,0.00,0.00,2026-06-16 02:44:24,
https://unlistedzone.com/shares/sterlite-electric-limited-formerly-sterlite-power-unlisted-shares/,Sterlite Electric Limited (formerly Sterlite Power) Unlisted Shares,525,0.00,0.00,2026-06-16 02:44:24,
https://unlistedzone.com/shares/sterlite-grid-5-share-price-buy-sell-online/,Sterlite Grid 5 Unlisted Shares,332,0.00,0.00,2026-06-16 02:44:24,
https://unlistedzone.com/shares/sun-drops-energia-private-limited/,Sun Drops Energia Private Limited,254,0.00,0.00,2026-06-16 02:44:24,
https://unlistedzone.com/shares/sunday-proptech-share-price-buy-sell-online/,Sunday Proptech Limited,8.5,0.00,0.00,2026-06-16 02:44:24,
https://unlistedzone.com/shares/t-stanes-and-company-limited/,T Stanes and Company Limited,824,0.00,0.00,2026-06-16 02:44:24,
https://unlistedzone.com/shares/tea-time-unlisted-shares/,Tea Time Unlisted Shares,36,0.00,0.00,2026-06-16 02:44:24,
https://unlistedzone.com/shares/thalappakatti-hotels-private-limited/,Thalappakatti Hotels Private Limited,0,0.00,0.00,2026-06-16 02:44:24,
https://unlistedzone.com/shares/the-scottish-assam-india-limited-unlisted-shares/,The Scottish Assam (India) Limited Unlisted Shares,775,0.00,0.00,2026-06-16 02:44:24,
https://unlistedzone.com/shares/ticker-limited-share-price-buy-sell-online/,Ticker Limited,28,0.00,0.00,2026-06-16 02:44:24,
https://unlistedzone.com/shares/transline-technologies-share-price-buy-sell-online/,Transline Technologies Limited,128,0.00,0.00,2026-06-16 02:44:24,
https://unlistedzone.com/shares/buy-sell-latest-price-trl-krosaki-refractories-unlisted-shares/,TRL Krosaki Refractories Limited Unlisted Shares,1750,0.00,0.00,2026-06-16 02:44:24,"Page.goto: Timeout 30000ms exceeded.
Call log:
  - navigating to ""https://unlistedzone.com/shares/buy-sell-latest-price-trl-krosaki-refractories-unlisted-shares/"", waiting until ""domcontentloaded""
"
https://unlistedzone.com/shares/urban-tots-unlisted-shares/,Urban Tots Unlisted Shares,61,0.00,0.00,2026-06-16 02:44:24,
https://unlistedzone.com/shares/usha-shriram-unlisted-share/,Usha Shriram Unlisted Share,195,0.00,0.00,2026-06-16 02:44:24,
https://unlistedzone.com/shares/utkarsh-micro-financecore-invest-unlisted-shares/,Utkarsh Micro Finance(Core Invest) Unlisted Shares,125,0.00,0.00,2026-06-16 02:44:24,
https://unlistedzone.com/shares/veeda-clinical-research-unlisted-shares-buy-sell-online/,Veeda Clinical Research Limited,428,0.00,0.00,2026-06-16 02:44:24,
https://unlistedzone.com/shares/veremax-technologie-services-share-price-buy-sell-online/,Veremax Technologie Services Limited,0,0.00,0.00,2026-06-16 02:44:24,
https://unlistedzone.com/shares/vivriti-capital-share-price-buy-sell-online/,Vivriti Capital Limited,650,0.00,0.00,2026-06-16 02:44:24,
https://unlistedzone.com/shares/vyara-tiles-limited/,Vyara Tiles Limited,0,0.00,0.00,2026-06-16 02:44:24,
https://unlistedzone.com/shares/xerox-india-limited-unlisted-shares/,Xerox India Limited Unlisted Shares,225,0.00,0.00,2026-06-16 02:44:24,
https://unlistedzone.com/shares/xtranet-technologies-share-price-buy-sell-online/,XtraNet Technologies Pvt. Ltd.,118,0.00,0.00,2026-06-16 02:44:24,
https://unlistedzone.com/shares/zak-venture-ltd/,Zak Venture Ltd,165,0.00,0.00,2026-06-16 02:44:24,
https://unlistedzone.com/shares/zepto-unlisted-ccps-shares7926461-equity/,Zepto unlisted( CCPS shares((792.6461 Equity),39,0.00,0.00,2026-06-16 02:44:24,
